ab,f75baa3bc0dd43634df02e670babe3dd9ab225460bd385fd7493edcf6103e882
a,892af415ccf19e5f6fbdd51a0ebcd2070bfc13c94a1f0bcce5cf12b4217d974f
abc,981b79b75af6f1403720cdb7a6e662fd68522923f913934c8507235bbddd14d6
a1,64a35273c52cc9480cd28b615231aad984015eb6667b5d54841eb1ee4f351221
c,09113d279d4989b99db5ee627b51e9700a32cc98ad941668b5ee3dde843ab5da
b1,d22e9cd6ff821781f0b3f2041416f8aa86328feb0320136532bfe02fccc834cb
d,18ac3e7343f016890c510e93f935261169d9e3f565436429830faf0934f4f8e4
c1,c1
d1,d1
e1,8b5cc4df7eec7d32a7814eca4af047ae33b2d52342667715682e19c25b0b9faa
agh,64682325bcbefb7c434a24d85507614fd4cc74c02036bf9d871bb1fb670f9623
abasar,2a47e5d0c3a57f74b225ec837fb52bdcee8fe833103dbdfd0d888b74e0331d04
anil,86beb4bbeb08bbbdce0fb9c224787e3a86f85453158a7b2fce235525557253c5
abde,89a19e3e39c0db460b0045452de7105b00ff1cd2ce13fa356e4cd17c4d9be49c
de,959a45d44e6fcf58361ed004681556fe50129f2109e817dec098c00c9e5d2578
abcd,88d4266fd4e6338d13b845fcf289579d209c897823b9217da3e161936f031589
abcde,36bbe50ed96841d10443bcb670d6554f0a34b761be67ec9c4a8ad2c0c44ca42c
x,2d711642b726b04401627ca9fbac32f5c8530fb1903cc4db02258717921a4881
y,a1fce4363854ff888cff4b8e7875d600c2682390412a8cf79b37d0b11148b0fa
z,594e519ae499312b29433b7dd8a97ff068defcba9755b6d5d00e84c524d67b06
ac,f45de51cdef30991551e41e882dd7b5404799648a0a00753f44fc966e6153fc1
zz,4a60bf7d4bc1e485744cf7e8d0860524752fca1ce42331be7c439fd23043f151
xx,5dde896887f6754c9b15bfe3a441ae4806df2fde94001311e08bf110622e0bbe
thapathali,42c97db3df4b1373d9484116af081d539c72309ff2adf6f20cd55c7951a355d3
project,2513f132e8ce6f5db5dffb620c821c51cf21749d53fcacaf2bb078f8075ec470
user1,0a041b9462caa4a31bac3567e0b6e6fd9100787db2ab433d96f6d178cabfce90
abx,b2bdab4230154046ad0b7dfa830a9260caa5bd6ae230e582a2244ab4bf0b4ca5
abcx,7571ce1f8e21c6b13dd7ec2c5ec7c9e4dd9852e209869511853f2f1f74b17927
